"categoria","titolo","cover","readTime","author","content"
"Games","Suffragium pecus deporto.","https://picsum.photos/seed/sl95xB/99/2294","{""value"":13,""unit"":""minutes""}","Kelvin_Davis67@hotmail.com","Sol claustrum derelinquo utrum cometes culpa maiores caries vulgus ventito. Arbor amissio unde coadunatio utpote cetera. Tui conculco vapulus terminatio velut.
Villa ante sit consectetur vis tibi conventus bene creptio. Adimpleo veritatis caste suggero nobis armarium. Adipiscor vulariter tempus demulceo.
Ancilla amita audio voluntarius abbas vito abduco vigilo laboriosam. Curatio quo demo comes. Auctus auditor correptius teneo."
"Grocery","Cribro vindico caste.","https://picsum.photos/seed/QhrvAm2o/2911/134","{""value"":9,""unit"":""minutes""}","Henriette_Mraz26@gmail.com","Talis temeritas stultus abstergo. In aut peccatus thorax conforto delectatio deleo traho advenio collum. Sodalitas stabilis vestigium veniam aetas vapulus.
Cultellus creo artificiose maxime tabgo. Summisse conventus tenetur. Uterque arma officiis vulariter asper tempus cogo carbo.
Ex ubi varietas quod deprimo est demoror volva vulgo inventore. Absum sustineo cimentarius acerbitas tenus. Ara coma depulso."
"Tools","Tempore capio ater necessitatibus vergo convoco velut tero appello argumentum.","https://loremflickr.com/3645/3673?lock=8242748541196073","{""value"":7,""unit"":""minutes""}","Erica82@gmail.com","Tantum turbo laborum arbustum conicio taedium advoco. Tibi delectatio minus dolores. Consequuntur natus patrocinor adopto depono conservo ubi.
Maiores magni patria. Cometes cruciamentum amicitia arma tamen amita appello quod reiciendis. Venustas utilis aperte via volaticus asper abundans.
Barba blanditiis necessitatibus adflicto suasoria volva paens sollicito valeo. Caries vestigium vigor assumenda tantillus aspicio casso solitudo. Sol assumenda voro corona surculus curtus concido."
"Industrial","Infit dapifer tergeo pel adfectus exercitationem demitto claustrum.","https://picsum.photos/seed/94Mdvy/2668/2399","{""value"":19,""unit"":""minutes""}","Brooke.Denesik7@gmail.com","Triumphus benigne apud adipiscor una laudantium contego cupiditas provident artificiose. Atrocitas adinventitias paens. Quam vobis aegrus.
Collum defaeco deinde tergeo tribuo arbustum. Delibero quo vinco tenuis spiculum. Vinum spectaculum mollitia.
Viriliter casso adamo tempus. Patruus stultus concedo compello decretum communis vobis. Tondeo tyrannus vobis decretum cornu."
"Garden","Curvo vomer civitas balbus damnatio hic fuga.","https://picsum.photos/seed/uqnyVe7Sww/1141/3813","{""value"":15,""unit"":""minutes""}","Florida.Hintz43@hotmail.com","Nemo vinum certe excepturi. Accendo vilicus usus eveniet tubineus. Armarium aspicio coruscus caveo sed.
Vitae voluptas colo supplanto conturbo numquam praesentium. Corrupti sunt caelum totus quod. Cognatus recusandae correptius.
Considero assentator undique tum vobis sponte. Vitae theatrum virgo curiositas ab ater pecus triduana. Volo stipes pariatur coerceo numquam calamitas uredo comedo conservo tabella."
"Beauty","Conturbo cado pel coniuratio vero depromo autem cerno animadverto.","https://picsum.photos/seed/oIet6m/1079/3191","{""value"":5,""unit"":""minutes""}","Clemens60@hotmail.com","Curia textus sordeo cura constans volubilis adimpleo. Deleo tumultus assumenda abutor vivo. Considero spoliatio ancilla ex admiratio candidus alveus amo.
Veniam error culpa. Validus absque quidem. Alveus vado articulus timidus tondeo decet impedit ad valens curatio.
Undique nulla uredo anser mollitia totidem. Dapifer itaque audentia calco tepesco atqui blanditiis abduco crudelis similique. Annus asperiores apostolus sollers absque veniam."
"Jewelry","Subseco vesco ancilla taceo cupressus bestia quae canto.","https://loremflickr.com/151/1411?lock=640545068471781","{""value"":11,""unit"":""minutes""}","Cathryn89@gmail.com","Via tutis circumvenio atrox spes tero crudelis. Cena tepesco sufficio degero damno. Sumptus temptatio contigo utor vado aureus auxilium adamo chirographum.
Aliquid approbo deinde cuppedia. Ventito patria synagoga. Consuasor demergo testimonium vinitor tener studio culpo viriliter coma agnitio.
Aliqua tripudio delectus pecto allatus neque. Fugit verus blandior delego angustus clamo. Animus celo thesaurus veniam."
"Industrial","Depereo possimus at credo theatrum pariatur.","https://loremflickr.com/3585/3197?lock=7009359842658878","{""value"":18,""unit"":""minutes""}","Esteban.Vandervort66@gmail.com","Blanditiis coadunatio somnus adeptio tabernus vorax crinis. Certus cohaero admoneo aestas thema demo tantillus. Artificiose nesciunt admoneo curto surculus cupio rem calco canis.
Suscipit vigilo aduro veritatis. Vox delicate sumptus sollicito demergo volutabrum sopor tergiversatio. Vado coepi stips consectetur natus texo.
Eaque vulgivagus thymum terror ad verumtamen voluptas accommodo pecto. Terra subseco toties cognatus cruciamentum vito cado sumptus crepusculum. Coadunatio tonsor considero constans surculus demergo abstergo."
"Clothing","Vulgivagus canto contabesco solus adfectus.","https://loremflickr.com/3603/2987?lock=2672880695037567","{""value"":12,""unit"":""minutes""}","Mafalda.Reilly-Kuphal@hotmail.com","Acsi conservo vigilo cado custodia ultio. Architecto adversus via pectus dolores cito vergo consequatur dignissimos uberrime. Cetera antiquus ascisco amita vorago thalassinus ab dedico candidus culpo.
Sapiente voluptatum soluta cibus crudelis. Vae voveo voluntarius argumentum adstringo. Veritas decumbo ventito alter solium adeptio admitto curtus terror adaugeo.
Vobis stabilis angustus armarium quas. Tergiversatio amita natus sortitus cura uxor. Sequi abscido aureus unde repellat tollo temporibus ex tenus."
"Health","Demulceo suasoria cavus tener dicta vulgo contigo.","https://loremflickr.com/2186/3518?lock=2545133411864167","{""value"":14,""unit"":""minutes""}","Veronica98@yahoo.com","Claustrum apparatus contego sunt. Damnatio vox testimonium verbera. Temporibus strenuus tabgo taceo clementia veritas temptatio bis.
Audio ea admiratio sufficio. Modi subseco conturbo abbas. Tyrannus stabilis cubo testimonium ambitus.
Adinventitias officiis aliquid capillus iusto deserunt excepturi turba vesper. Valens defendo sint constans cubicularis venustas defungo campana vesco tolero. Cunae similique crustulum aro denique adamo comminor apparatus sit vereor."
"Music","Comedo delectus comburo cras admitto ratione vomito tergo veniam demergo.","https://loremflickr.com/667/3857?lock=5984544564833313","{""value"":14,""unit"":""minutes""}","Veronica98@yahoo.com","Cunctatio crapula cunctatio canonicus creator. Basium canis celo corrumpo thermae dens cinis aestivus laudantium voveo. Depopulo consequatur commemoro certus timidus.
Usitas abutor deorsum terra adhuc ocer. Capto vulticulus aggredior curia placeat aggero aut. Perspiciatis votum rem explicabo iusto confugo.
Tunc damnatio talus decens cunabula solum. Angelus appono socius volutabrum cura. Carpo ancilla agnosco comedo trado velociter sto."
"Computers","Apud alioqui vinum vitae adsuesco iste clarus deficio.","https://picsum.photos/seed/jVFzKgPF/45/3","{""value"":7,""unit"":""minutes""}","Johnathon85@gmail.com","Tametsi victus suus vaco. Compono alii accedo carmen reprehenderit amiculum vitae placeat stips auctor. Taedium cimentarius tersus delinquo ascit arceo cras facere vicinus.
Vapulus aggero annus. Hic peior deorsum socius sui et. Enim conventus defluo certus arguo abutor conqueror patrocinor inventore tibi.
Campana cui acer aliquid viscus assumenda atavus. Cognomen quam terminatio vesica allatus vestigium peior peior depraedor dolor. Ceno dolor a."
"Jewelry","Adduco coepi abstergo cognatus desipio sub derideo.","https://loremflickr.com/1307/2958?lock=8869008752764928","{""value"":19,""unit"":""minutes""}","Erica82@gmail.com","Celo coniecto viridis quidem utpote soluta demergo audio caelestis. Tero allatus civis tum demoror thorax acidus curso capillus. Spiritus cubicularis ultra vulnero acervus deinde alter.
Umquam casus brevis. Trado suffoco sol aegrotatio abbas repellat vesper cumque usque. Derelinquo derelinquo virgo numquam cornu venustas victoria aut recusandae consectetur.
Ventosus ventus suscipit. Suppellex aureus vigilo. Possimus vergo pauci."
"Sports","Subnecto ea valde aranea subseco demo studio.","https://loremflickr.com/2676/1618?lock=2269160117461276","{""value"":10,""unit"":""minutes""}","Felicia83@gmail.com","Delibero attonbitus creptio arbitro ciminatio odio tot. Distinctio verumtamen tutamen tracto curso cum vulariter thalassinus. Solitudo debitis admoveo caute apostolus clarus versus.
Varius vigilo clamo turbo depromo dolorum volo speciosus. Vesica absorbeo tergum cimentarius talus admoneo amor accusator ipsa spiculum. Adstringo vivo amiculum cur ventosus deporto impedit.
Culpa confido confido vomito cultellus acceptus. Quidem curtus depraedor adhuc valens cerno utrum tendo ad. Appono textus odit validus sumo."
"Baby","Velit delibero voluptas aqua.","https://loremflickr.com/1986/3281?lock=145552505948122","{""value"":6,""unit"":""minutes""}","Allene_Hoppe@hotmail.com","Pel caritas ocer spargo dignissimos adicio. Voluptatem socius cauda blandior commemoro alo nemo. Colligo color adstringo cribro.
Dolorum spargo conatus cicuta theatrum harum somniculosus suscipio aureus tamquam. Pel subseco argentum terebro vacuus aro velociter pel. Terminatio suscipit ager cum.
Amo vesper ventus rerum sumo. Doloribus turba thesaurus vulgivagus acsi cupressus taedium nam cena alias. Ultra depereo utique."
"Industrial","Atrox capitulus torqueo tribuo cervus dedico.","https://loremflickr.com/1865/380?lock=1539079776590133","{""value"":7,""unit"":""minutes""}","Karine22@hotmail.com","Praesentium crebro sponte conforto tactus vinitor culpo cursus tabella. Expedita supellex speciosus adaugeo conculco a amplitudo vito. Concedo temporibus comes socius.
Asperiores casso pecus universe viduo. Adsuesco creber ex. Vivo dedico animus fugit.
Attero calamitas delectus cupiditas. Blanditiis occaecati tabula totidem abutor amplexus bene. Complectus eum adipiscor."
"Music","Pariatur armarium adipisci aedificium terminatio impedit laudantium tergum sufficio.","https://loremflickr.com/633/3293?lock=7438578577613064","{""value"":11,""unit"":""minutes""}","Henri.Jast30@gmail.com","Claustrum triduana credo aliquid stella aeneus conspergo. Audax defluo velum damno vitium supplanto utroque ustilo. Aegrotatio attollo attollo vindico.
Vis capio sumo vestigium aspernatur acerbitas rerum annus. Aggero ars theologus. Tutamen denego tactus tumultus cohors socius tremo.
Degero una conventus damnatio acceptus esse concedo charisma decimus. Vulgus delibero ventito vicissitudo. Carus tepesco subnecto vereor defero voluptas vaco bis suasoria."
"Music","Appositus callide cernuus veniam tribuo ustulo.","https://loremflickr.com/1079/746?lock=7205942154364560","{""value"":19,""unit"":""minutes""}","Kenyon_Stroman@yahoo.com","Derelinquo demoror cometes arbor vomer custodia. Acervus argentum toties titulus velit aduro deduco tempus condico. Corporis laboriosam harum cogo.
Arcesso conor temperantia dicta aeneus atrocitas uxor bestia. Comparo sunt pecto apostolus architecto nihil coniecto vulgus cogo annus. Demonstro celo ager voveo sum alii vulnus tabella.
Ver cernuus accusator tunc aranea argumentum virtus. Tero tergum clibanus bene vapulus titulus solus. Tenax abscido decerno demonstro numquam."
"Kids","Doloribus vapulus modi rem vapulus ambulo.","https://loremflickr.com/2827/3244?lock=716180157802496","{""value"":14,""unit"":""minutes""}","Nels_Wuckert@hotmail.com","Placeat sufficio tollo ulciscor quos. Incidunt vinum theca torqueo talio stabilis dens teneo fuga. Amiculum vespillo aeneus.
Quasi alo coepi succedo tabernus casus creptio. Fugit solium eos vix cumque. Umquam vomito utor decimus.
Tabula expedita conitor vester decerno ait. Comprehendo desolo viduo voluptatum. Attollo appono cruentus crur ad unus incidunt."
"Books","Cursim vir turba aperte dolorem textor tumultus.","https://picsum.photos/seed/q3WPAfI/434/140","{""value"":1,""unit"":""minutes""}","Johann.Ziemann@hotmail.com","Titulus caelum aeternus. Veritas callide audentia solum creator. Arbustum curiositas demitto pauper administratio aeneus amplexus.
Subito dignissimos cubicularis anser denuo quibusdam solutio aranea. Ullus adnuo sodalitas cupiditas utrimque curso possimus. Aptus crebro rerum illum atavus temptatio ex alii utroque tantum.
Cogito nihil deputo trans varius pauci terror magni. Tutamen at decipio vulticulus. Baiulus creo illum uberrime dolores amiculum teneo thymum temperantia."
"Movies","Acidus ceno velit non cernuus.","https://loremflickr.com/2897/2683?lock=6608455735160873","{""value"":5,""unit"":""minutes""}","Justyn.Howe@hotmail.com","Spiculum curiositas allatus absum temporibus cattus. Balbus aptus aut. Cetera tenetur catena condico tempora utilis doloribus sursum dedecor vorax.
Conservo spes acquiro verbera bos deinde paulatim adflicto. Vado tamen uxor ullam thermae summopere patruus. Sumo solio cibo uterque sunt aeger vox cursus tribuo armarium.
Quae non sollicito altus. Accusamus abduco nam ut calamitas. Abeo crux demens bene."
"Grocery","Aperiam tonsor acidus alii vulnus commodo utpote taedium vir aegrotatio.","https://picsum.photos/seed/cJI6j3ahsh/1846/182","{""value"":6,""unit"":""minutes""}","Margarita61@gmail.com","Amoveo vel curvo absum. Tripudio amicitia vinitor asporto antepono ascit iste. Esse velit cultellus dedecor suasoria verto acsi.
Adopto dicta delinquo cunae absorbeo cado terga solutio. Concido peior rem delinquo ea adhaero xiphias ver thesis utique. Fuga ut ex consequuntur alveus veniam.
Hic temperantia curso aestivus summa. Accendo adhaero audio adipiscor correptius tunc. Clementia subvenio succedo expedita deripio."
"Grocery","Commodi pauper vesco cras cras acervus trans vesica.","https://picsum.photos/seed/aCaTWFG/1809/3984","{""value"":15,""unit"":""minutes""}","Troy50@gmail.com","Et volup atavus cupio timor tabula certus. Ter conturbo spiritus tempore. Laborum alii aureus vigilo trepide comitatus delego xiphias.
Pauci cariosus una veritas corona spectaculum sunt supellex substantia rerum. Utrum sortitus tenetur voluptate audio terebro arma combibo. Soluta capto antepono rem catena tepidus solitudo deinde cohibeo.
Ventus spectaculum cognomen tres bene chirographum vere textilis. Defluo inventore triumphus tametsi voluntarius. Victus voluptatibus molestias attonbitus socius ustulo somnus."
"Tools","Custodia pauper conor.","https://picsum.photos/seed/5xyweiq8ez/2832/813","{""value"":12,""unit"":""minutes""}","Khalid0@gmail.com","Tollo turpis calco. Bardus amaritudo utilis tempus arceo torrens crustulum bibo. Verumtamen stillicidium delectus synagoga celo varietas.
Acerbitas architecto temeritas speculum uter victus vomito. Suasoria dapifer amicitia acsi. Trado stella demulceo conservo studio.
Demum curatio aegrus uredo xiphias cito somniculosus. Timidus amplus nihil venustas tum teneo depromo. Tabula demens enim."
"Toys","Trado custodia succedo tepidus veritas alter fugiat cultellus cursus vitiosus.","https://loremflickr.com/1592/3732?lock=5061707865947210","{""value"":9,""unit"":""minutes""}","Dakota.Kutch28@yahoo.com","Spargo maiores annus tersus bellicus. Corrigo traho vicinus adeptio corona amplexus suscipio stips patruus absens. Deficio usque capio.
Capio comparo possimus talus tremo aufero cura tergiversatio voluntarius quia. Angulus nisi ipsam solio antepono suppellex aestas tabula coaegresco. Suffoco vestigium denego vulariter cedo corpus vitium delicate.
Cado aequus dedico reprehenderit verto cavus veritatis vesica saepe. Tergiversatio sordeo blanditiis undique arbor ulterius cimentarius vetus denego terreo. Angelus anser supplanto reiciendis despecto compello condico dolor."
"Automotive","Color cometes colligo aegre voveo curatio cohors avaritia.","https://loremflickr.com/3598/1813?lock=7963237622846158","{""value"":20,""unit"":""minutes""}","Florida.Hintz43@hotmail.com","Vitium spiritus universe. Quos creo contabesco temporibus subseco aliquam blanditiis. Uter crebro solum cetera ducimus.
Quisquam amicitia vitae solus ubi tondeo. Utor amiculum aestas capto velociter via. Vere annus veniam adipisci ex alo alias.
Vorago apostolus rerum texo. Deprimo ustilo vomer vulpes utor conduco ultio. Cursim a praesentium coniuratio quibusdam."
"Outdoors","Denique ater aequitas chirographum adfero tergo officiis via demens.","https://picsum.photos/seed/lgK8exZI3F/345/3757","{""value"":9,""unit"":""minutes""}","Orval_Littel44@gmail.com","Amplitudo pecco defendo terminatio thalassinus aperte. Adiuvo arbustum tui tergum terreo. Celebrer campana suasoria adflicto cresco.
Adfectus uberrime tersus custodia quos vilis trado. Solitudo accommodo tersus angulus. Tero conservo adhuc degero aurum appositus caste verbum cuius dolorum.
Audentia vindico ante reiciendis vestrum autem derideo defluo. Animadverto tepesco aranea. Deinde summa aestivus audentia accendo calcar."
"Clothing","Condico auctor vulgus uredo acer via vindico paulatim volup.","https://picsum.photos/seed/BZe6o3ztC7/71/3002","{""value"":3,""unit"":""minutes""}","Florida.Hintz43@hotmail.com","Turbo corrupti vivo necessitatibus vestigium bonus pauci beatus consequatur aegrotatio. Voluptatem depulso advoco absorbeo necessitatibus tonsor cursus tricesimus claro spargo. Truculenter odio carus.
Aeneus summopere talus vere alo arbitro. Turba attero ustulo basium stips tres sollicito tres aestas. Vis excepturi blandior soleo calco.
Vapulus temperantia aliqua aperiam defungo virgo incidunt bene dolorum talio. Atrox vulariter verbera atrocitas patruus curvo. Antiquus veritatis timor valetudo dignissimos solitudo anser armarium chirographum."
"Computers","Tricesimus strenuus vinco adficio aegre terreo vacuus arma ullus.","https://loremflickr.com/1397/2741?lock=5333675809492565","{""value"":10,""unit"":""minutes""}","Celestine.Kiehn@gmail.com","Arbitro excepturi suppono fuga auctus alius acceptus. Distinctio virtus adaugeo cupressus spero ubi. Cubicularis corona patior tersus textus.
Ter ventosus valetudo degusto. Coruscus soluta cauda umbra infit textilis alii accedo spoliatio. Abduco brevis amita quaerat ars colo culpo cultura stipes auditor.
Crepusculum recusandae vulgivagus tumultus comparo. Astrum solitudo tibi sol summa abstergo curto caterva porro. Cariosus adhuc blanditiis conatus ipsa suffragium vulgaris brevis aetas."
"Beauty","Attollo caritas adhaero maiores candidus vulariter curtus.","https://loremflickr.com/441/2957?lock=5928384124021006","{""value"":5,""unit"":""minutes""}","Dakota.Kutch28@yahoo.com","Arca carpo conscendo subiungo circumvenio. Aggero accusator acquiro denique vesica. Umquam deleniti neque combibo dolorem arma accusator.
Vitium circumvenio illo labore aegrotatio conculco barba vesper substantia varius. Quod atqui attollo venustas civitas quis vorax. Quasi thermae vespillo molestiae odit exercitationem beneficium alveus tandem vilitas.
Thesis bene nisi at vado congregatio. Vulgivagus votum demonstro torqueo. Vilis vulnero illo ascit uxor."
"Games","Virgo provident suscipit labore arca tamen.","https://loremflickr.com/2037/1201?lock=5830183336753492","{""value"":9,""unit"":""minutes""}","Clemens60@hotmail.com","In advoco ad arma verbera agnitio patruus tribuo. Contra vergo creptio baiulus vado subseco patruus super arca. Conitor abeo distinctio audeo quod distinctio solio.
Adipiscor conor vitium modi statim. Creptio stultus cernuus atrox coniuratio convoco velum varietas reiciendis cubitum. Viscus patria adstringo ambulo.
Tamquam surculus toties cernuus adhaero capillus aptus. Vigor aliquid adhuc tres suadeo vorax tergeo reiciendis. Sopor sum culpa delectus."
"Toys","Repudiandae crinis acerbitas nesciunt facere vox quae tenax theatrum tergum.","https://picsum.photos/seed/iTh68v/306/3229","{""value"":4,""unit"":""minutes""}","Esteban.Vandervort66@gmail.com","Volup agnitio trepide calco truculenter aspicio. Somniculosus uredo verbera basium teneo nostrum. Accusator tutamen utrimque tardus.
Vix suffragium tepesco. Laboriosam tum tristis substantia abbas ait caste. Antepono arca volubilis angustus caritas quam necessitatibus vis.
Eos arbustum est at adipiscor volo crux. Tondeo demum corona cenaculum ocer et arma carpo reprehenderit. Viriliter ventosus talus caterva tremo callide."
"Tools","Adfectus tyrannus compello minima supellex atrox defleo temporibus perferendis utroque.","https://loremflickr.com/676/1561?lock=7699756976821835","{""value"":16,""unit"":""minutes""}","Otis_Wisozk63@yahoo.com","Cometes thymum blandior pecto aer demoror ab. Accusator velociter vox caute ter apostolus. Corroboro arbitro thesaurus uter audacia assumenda.
Absorbeo delinquo amaritudo fuga pariatur combibo porro vigilo. Compello saepe amita sequi. Custodia colligo tergeo.
Delego assentator tergeo cohaero circumvenio neque acies arto. Possimus delego bellicus verbum ver bibo. Adopto defero velociter teres adeo pauper tum deludo alii coaegresco."
"Sports","Tubineus absum comprehendo cito aranea.","https://picsum.photos/seed/URWCkcCnj1/1752/3327","{""value"":6,""unit"":""minutes""}","Allene_Hoppe@hotmail.com","Voluptate demonstro adimpleo illum ea acer civis demo. Officiis aestas traho vespillo rem curia beneficium enim combibo. Stultus demens convoco denego viscus cruciamentum aeger adimpleo patior.
Adstringo tumultus molestiae carpo pariatur iure viriliter. Solium adulescens ultio vitiosus agnitio. Pariatur appono solum verto commodo.
Caelum tot vos adinventitias beneficium bellum conscendo. Caritas subseco impedit earum depraedor deleo usitas. Viscus candidus cuppedia aestus custodia cupio."
"Clothing","Crepusculum uberrime amplexus eius minus artificiose succurro tandem tero.","https://picsum.photos/seed/xfQxmekJ/3767/794","{""value"":13,""unit"":""minutes""}","Letitia97@gmail.com","Ultra atqui tracto earum curis molestiae. Annus auctor fugit sto clementia vigor ventito tot illo. Non abundans aspernatur cicuta viridis adfectus pauper.
Corrigo coniuratio id currus vito valens damnatio carmen. Vinco laudantium vulgo recusandae synagoga somniculosus dicta vito consequatur. Ater suspendo demulceo coma averto cultura.
Comitatus tui exercitationem sortitus condico dolorem stips. Eos arx corrigo talus depopulo. Cubicularis tepesco cubitum doloribus voluptatum."
"Beauty","Vorax commodi appositus magnam benigne quaerat aspicio cuppedia commemoro ventosus.","https://picsum.photos/seed/NsFfbkbr8/2106/3736","{""value"":4,""unit"":""minutes""}","Celestine.Kiehn@gmail.com","Tergo adaugeo aetas adversus. Vulticulus viriliter villa verecundia. Congregatio usque abduco coniuratio eveniet pel.
Verus cupio coruscus colo alo unus carcer attollo. Tum aegrotatio ulterius. Rerum concido ambitus cuius degenero blanditiis dignissimos.
Tabgo vulariter aranea creator apostolus aedificium. Placeat amplitudo denego. Claro via depulso suspendo ulterius vae laboriosam."
"Sports","Apto cur communis taceo desipio undique.","https://loremflickr.com/1527/992?lock=5334376122200014","{""value"":18,""unit"":""minutes""}","Parker.Kutch66@yahoo.com","Charisma confido turpis. Theca derideo consuasor praesentium. Spes abutor antea.
Labore xiphias nemo repellat attollo. Tergo subvenio tametsi. Illo sapiente crepusculum atqui tutis clarus tenetur thalassinus ancilla caterva.
Auxilium utor infit volva. Audax vinum administratio vergo tantillus. Omnis adamo delicate."
"Health","Canis aetas crinis.","https://picsum.photos/seed/44vjLNcZL/3160/1995","{""value"":10,""unit"":""minutes""}","Dakota.Kutch28@yahoo.com","Delego caries animadverto quaerat apto eligendi. Valde conservo thesaurus versus alveus dicta terra caries aggero defluo. Vicissitudo confido averto libero condico sum.
Anser timor victoria terror tubineus via bis quibusdam antepono. Virga adipisci apud tamen celo corroboro occaecati somnus abutor cognomen. Taedium abscido comitatus amiculum.
Stabilis libero compono cur velum. Cruentus summa aureus vulnero. Cicuta brevis caecus."
"Kids","Tepidus cupiditate conatus crastinus subiungo vestrum aestivus.","https://picsum.photos/seed/G4kvDBJcF/3475/875","{""value"":17,""unit"":""minutes""}","Brooke.Denesik7@gmail.com","Quo absque cura peccatus arto. Temporibus accusator tabernus adsum thymbra ascisco. Cultellus temporibus natus vorago clarus creber attonbitus vaco facilis.
Vacuus virga blandior acer tepesco. Bene aptus cubicularis ustilo perspiciatis tutamen vestrum annus amor una. Arto video correptius summa facilis acerbitas studio conspergo repellat.
Delibero denique cubicularis cunabula suasoria. Cimentarius crustulum caput cubitum amissio. Tolero tamdiu delego traho."
"Games","Subseco spiculum acer calco accusantium casso ver textilis vulariter traho.","https://loremflickr.com/1384/1809?lock=7419620404141416","{""value"":2,""unit"":""minutes""}","Maye20@gmail.com","Tempus explicabo cernuus stella cuppedia rerum ubi. Quaerat pectus voco aeternus minima. Commodo amaritudo venia ceno tollo sodalitas omnis curo cavus.
Curatio demergo adnuo ara turpis denique universe aetas venustas amissio. Doloremque asperiores termes ambitus catena decipio cohaero corrupti. Vorago aegre velociter benevolentia sordeo.
Curis incidunt desidero amiculum caveo bis charisma tenax. Quia coniecto tabernus volutabrum decor stips alii. Tondeo tamen aurum degusto apto taedium commemoro."
"Computers","Vomito quisquam suus.","https://loremflickr.com/1902/18?lock=5077163349585502","{""value"":18,""unit"":""minutes""}","Marcus88@hotmail.com","Concedo defungo arcus. Deripio approbo desidero. Cur cupiditas aranea agnosco quae cuppedia umerus eligendi.
Ventus vivo contego atqui eaque verumtamen. Crinis annus dedecor alter stabilis velut varietas articulus utor abutor. Validus voluptatem carus admitto argumentum acidus caute uterque alveus tempore.
Tolero aggredior supra spectaculum vinculum acer antiquus speciosus. Ascit torrens ocer subito defluo excepturi corrigo cetera. Animus uredo curo creta sperno tempora versus vado."
"Grocery","Caelum nisi censura suppellex velit.","https://loremflickr.com/1545/2924?lock=13990843150165","{""value"":20,""unit"":""minutes""}","Durward.Swaniawski78@gmail.com","Assentator cupio spiritus ullam. Adopto vereor chirographum. Conatus truculenter vulgo sublime.
Vulnus patior unus tenus bibo coepi sophismata debilito nisi corroboro. Cenaculum crustulum facere pecto. Animadverto creator aufero cura censura tandem.
Tres totidem tardus speciosus arto terror vita. Cubo bonus una. Decretum tollo theca terminatio theologus arcesso textilis."
"Beauty","Denuncio utique eos comparo nostrum absorbeo contabesco appono.","https://loremflickr.com/1096/601?lock=8925669891925695","{""value"":5,""unit"":""minutes""}","Margarita61@gmail.com","Velociter conatus tam cunae patruus paens curo teres sustineo tamisium. Villa aegrus adstringo tabgo ad denique nobis talus confugo tenuis. Absum curo pecus statim depereo textus spiculum paens incidunt.
Spiritus vapulus aestivus cura terminatio uredo sono utrimque desino agnitio. Soluta cornu clarus. Tollo casus iusto demum cimentarius vallum.
Summa astrum stabilis vilitas dolorum vetus valens demitto. In consequatur solvo laboriosam rerum surgo admiratio. Adsidue occaecati carpo sum tergo a crinis creber laborum."
"Electronics","Venio adsuesco ancilla deprecator taceo varius cibo somnus.","https://loremflickr.com/2308/1048?lock=1203706119185777","{""value"":15,""unit"":""minutes""}","Kiara.Denesik@yahoo.com","Apud tabella sufficio deorsum vere pecco vociferor cunctatio ciminatio. Angustus sed degenero. Desipio aer explicabo demoror tredecim cruciamentum.
Quas vigor cibo pecus traho terror tremo canis avaritia. Thymum conculco stips error id. Clam alveus cornu super canis veritas libero tamdiu eum.
Tabesco vos ullus admoneo casso id voluptatibus arbustum adiuvo pecto. Villa confero subnecto arcus comparo vado. Aperiam ars temptatio termes vetus delibero virgo venustas."
"Music","Ventus adaugeo vallum pel talis.","https://picsum.photos/seed/LGCeJqtkwa/87/2148","{""value"":20,""unit"":""minutes""}","Verla_Wiza@hotmail.com","Cuius cado minus. Calculus vereor terminatio statua blandior spiculum combibo. Callide pel accommodo tres calcar texo ea vulnus.
Ex deficio repellendus alo summopere numquam alias. Vinco ademptio aestus degenero solium vix ventosus. Natus voluptatem caries conitor aqua.
Aspicio aliqua ater attonbitus. Condico abundans amoveo nemo cruentus. Angulus velociter arcus sit sonitus bonus sum tamen."
"Movies","Tamen verbera canto asper cunabula neque utrimque.","https://picsum.photos/seed/HDcgLbYHI9/1447/3488","{""value"":5,""unit"":""minutes""}","Margarita61@gmail.com","Totus beneficium coadunatio vis cura ter. Terminatio curo temptatio denique eaque. Viscus vesper vox tracto tristis cogito.
Defaeco amplitudo amita. Beatae adnuo odio casso denuncio vapulus conforto venio cotidie theologus. Torrens velut carpo defluo depraedor amaritudo apto.
Cunabula rerum cogito dedecor defleo. Vespillo voluptates crux solutio. Corpus textor deleniti antiquus."
"Sports","Subvenio tantillus est veniam cattus bellum absens canonicus deprimo modi.","https://picsum.photos/seed/oXcdZx/3633/51","{""value"":20,""unit"":""minutes""}","Mafalda.Reilly-Kuphal@hotmail.com","Vito cenaculum carbo. Vereor cresco occaecati aggredior acies depopulo truculenter tabgo decerno. At decimus occaecati utroque canis solum hic subvenio admoveo earum.
Caritas ducimus ancilla. Deficio usque tandem bene doloremque dapifer. Volo unde sophismata ventus comis laudantium tempus unde.
Earum aurum audacia canonicus tamen angustus. Facilis patria placeat volubilis. Aqua volo aperio bellicus thorax."
"Industrial","Totus possimus volup undique vilitas fugiat capio bestia armarium.","https://loremflickr.com/124/3461?lock=7648403578569842","{""value"":6,""unit"":""minutes""}","Francis94@yahoo.com","Aufero super vicinus conculco tutis nisi odio. Cenaculum quaerat vere amicitia apparatus cado triumphus subito amaritudo claudeo. Natus saepe tolero reiciendis.
Virtus auctus summa abundans alioqui enim. Volo admoneo coma viriliter. Vilicus uterque sufficio arbor confero tero voluptate tonsor.
Quasi crustulum adfectus. Basium sapiente urbanus assumenda sollicito conservo. Adversus sed tamisium vitiosus torrens voluptate caute."
"Tools","Exercitationem asper summa argumentum atque confero necessitatibus cervus repellendus viridis.","https://loremflickr.com/2538/1299?lock=4492527171090398","{""value"":10,""unit"":""minutes""}","Henriette_Mraz26@gmail.com","Adipiscor constans cura carus non alo altus. Aptus ara abstergo cedo tandem teres aperiam. Perferendis cohibeo traho cunctatio.
Atque absque vicinus suadeo corrumpo recusandae thymbra anser trans ascisco. Pax turba deputo decipio clibanus consequatur tantum uberrime depereo adduco. Valde avarus cuius ventosus ubi utpote sulum conduco vigor solus.
Veritatis thesaurus adinventitias combibo inflammatio spes laborum solio carcer. Aeger ducimus utique voluptates. Nam candidus cavus adduco usitas."
"Sports","Creator depraedor tactus.","https://picsum.photos/seed/pMB2C0aXqf/1401/868","{""value"":8,""unit"":""minutes""}","Justyn.Howe@hotmail.com","Victoria adiuvo celo depraedor. Cresco vulariter quis cognomen defendo adhaero. Totidem tunc tamen cogito collum torqueo comis.
Conitor stips sponte vado in aperte compono coruscus creber. Adficio conqueror admoneo atqui eveniet alioqui strues. Cura crudelis celer laudantium atrocitas vulnero victoria placeat.
Agnitio dapifer cilicium odit cognatus triumphus coadunatio. Talis cumque tactus charisma aequitas blanditiis bonus. Creo coruscus tamen pectus aspernatur caelum terebro confido avarus eum."
"Automotive","Patrocinor demonstro tabula aureus acsi.","https://picsum.photos/seed/xKJQC/1352/2132","{""value"":8,""unit"":""minutes""}","Cathryn89@gmail.com","Ambulo pectus ante cohors adfero maiores defetiscor pauper. Perferendis charisma auctor curvo condico vita. Ulterius tertius armarium quaerat cibo natus.
Amor vix solum considero alter utrum aestivus umerus synagoga absorbeo. Videlicet coaegresco varius cauda caterva thema decimus somniculosus cariosus conscendo. Cogo quasi deripio defendo summa spoliatio ambitus arcesso dapifer voluntarius.
Cattus strues auctor vindico voveo comptus omnis apud calculus. Sub ambulo antiquus placeat viriliter barba. Aurum acceptus varietas."
"Sports","Curtus clementia condico laudantium claustrum.","https://picsum.photos/seed/1WUTcp/2532/2103","{""value"":11,""unit"":""minutes""}","Troy50@gmail.com","Tantillus arbor alias voluptatibus celo repellendus. Caste causa deludo velum ascisco super textus. Suscipio turpis summa tristis consuasor dignissimos acerbitas.
Conqueror centum distinctio voluntarius vox animadverto sumptus degenero conventus. Saepe volutabrum adnuo coepi. Consuasor appello aut subiungo deficio taceo admiratio commodi defero curo.
Cibo antiquus corporis defero tondeo desolo tabella baiulus natus. Apud umbra colligo nihil temptatio angulus altus bardus totidem cimentarius. Subvenio vae maxime comminor soluta."
"Automotive","Territo incidunt tumultus aestus tenax caput ultra aestus.","https://picsum.photos/seed/2Ti5eYG/672/514","{""value"":15,""unit"":""minutes""}","Lurline_Ortiz@hotmail.com","Dedico versus sint adopto delectatio. Caecus colo cohaero advenio vito assentator cogito catena caritas. Usitas aiunt adsidue velut verbera deputo.
Certe territo vulgivagus talis decens amita tepidus. Arbustum amoveo tredecim. Studio vinum textilis odio tepesco umerus voluptatum vigor.
Talis utrum demulceo aspernatur auxilium cruentus nam thesaurus consequuntur ubi. Utrum culpa facere iure tersus absorbeo comitatus vae. Commodi barba vulnero blanditiis caput una cariosus pariatur adfero."
"Baby","Decens vulgaris est comedo sunt attero testimonium administratio.","https://picsum.photos/seed/GBg8w/1201/2030","{""value"":3,""unit"":""minutes""}","Felicia83@gmail.com","Socius denuncio eos temperantia apparatus. Deprecator tempore vitae. Contego asperiores terreo.
Contigo crustulum comedo bene. Constans charisma varietas atque tepesco velum. Compello trado socius conspergo atrocitas cena voluptatem quia valeo caritas.
Harum tredecim cursus compello conculco strenuus ullus testimonium tempora corrupti. Tot cibo spiritus velut provident aperio. Tero acceptus molestiae carcer utroque cum blandior dolores."
"Industrial","Molestias utroque quod amissio decet rerum celo.","https://picsum.photos/seed/nY8NT5gL/577/783","{""value"":5,""unit"":""minutes""}","Cathryn89@gmail.com","Crebro vestrum virgo amiculum aperte charisma vobis arx tubineus. Sit depereo thema vulgivagus trans voluptate. Contabesco vulnero attero speculum tersus dolorum aedificium tribuo.
Ullam laboriosam crepusculum ullam. Aurum alter celebrer tepesco. Abstergo auxilium tactus tonsor centum terreo acerbitas approbo crur.
Sollers voluptas argentum crastinus. Ambitus denego arbustum acies adamo attollo natus. Tero antepono laborum custodia anser tergeo comminor."
"Clothing","Cursim thesis cubicularis vespillo quas bellum vicinus calcar quaerat cauda.","https://loremflickr.com/366/3?lock=8170277987938343","{""value"":6,""unit"":""minutes""}","Florida.Hintz43@hotmail.com","Suggero callide audacia molestiae vester advenio aestus quia desidero. Auditor ventosus adinventitias numquam. Defero vesco vito esse pecto versus curis.
Calculus eveniet adamo. Tantillus admitto acceptus. Tenetur quaerat cur demergo suppono quis adnuo.
Utrimque desolo comptus aggero alo accommodo vinculum vilicus. Allatus bene arbitro rerum accedo varietas vir. Nulla deleniti totam vulpes casso adhuc."
"Home","Tendo stultus vindico arcus xiphias aperio.","https://picsum.photos/seed/OjKAeMGx/808/225","{""value"":12,""unit"":""minutes""}","Karine22@hotmail.com","Depromo atque ipsum inflammatio vilis thema arceo antea tunc deripio. Tero coniuratio veritas dicta. Artificiose sum laboriosam quibusdam deporto antepono sui auctor.
Itaque verus eius velit pauci aptus attollo iste aperio. Similique voluptatem attonbitus coma corporis tempora sub cribro clementia. Ambulo curis qui arbustum.
Vulnus abutor tamen titulus correptius utrum. Aegre theatrum creator qui. Confido maxime necessitatibus vulnus summopere dolorem vitiosus vitiosus acquiro."
"Tools","Amor asper delectus alii.","https://picsum.photos/seed/9HswF/3018/2335","{""value"":20,""unit"":""minutes""}","Clemens60@hotmail.com","Occaecati totidem denuo. Fugiat corona concido denuncio temporibus canto conculco. Velit reprehenderit barba.
Totus valetudo appono sono ter est thymum talus acidus. Curvo cimentarius quae neque copiose demo. Adflicto tergo ustilo curto color praesentium artificiose demoror officia comminor.
Avarus suasoria spiritus alii cornu. Ad certus expedita quis currus collum voluptates magni corrupti. Molestias ago doloremque vicinus."
"Kids","Aestivus hic temporibus.","https://picsum.photos/seed/RhAMUF/197/3411","{""value"":11,""unit"":""minutes""}","Cathryn89@gmail.com","Cenaculum vestrum adeptio barba. Ulterius curis suscipit tero. Incidunt peior usitas terreo bos corona caecus cui.
Laudantium deprimo deputo ab conturbo. Ex velit cognomen creber pax tempore autus ocer talus. Aiunt impedit advenio adsuesco adfectus adaugeo.
Calco sustineo calculus celo cerno. Adiuvo antea verbum pax cubitum verecundia contra condico ademptio. Tabella aeternus capio rem theologus curis."
"Jewelry","Audax summisse casus basium vox optio verecundia thalassinus.","https://loremflickr.com/3130/2162?lock=2290097345613920","{""value"":3,""unit"":""minutes""}","Clifton.Williamson75@gmail.com","Explicabo urbs solum callide terminatio vere currus aveho deripio alius. Thesaurus adhuc id thesaurus cras ventito. Solitudo deserunt quis vehemens laborum aqua arceo at cohaero.
Comitatus eius administratio tumultus adflicto decretum spes distinctio una appositus. Acsi arbitro aeger degusto vere ascisco temperantia stips. Vilis assumenda decerno sopor speciosus attero.
Ea termes tristis. Numquam crepusculum congregatio depereo adsidue ter. Eum textus solitudo inventore vesica."
"Home","Dapifer cetera suus acerbitas animi anser vergo.","https://loremflickr.com/3597/1171?lock=6424383776474166","{""value"":19,""unit"":""minutes""}","Cathryn89@gmail.com","Conor temperantia quae aureus asporto vacuus unus summopere statim. Tersus autem decor corona spero quisquam repellat absconditus. Vacuus cimentarius aeger tergo.
Depromo timidus minima absque sunt. Caterva adfero solutio. Deprimo apud alo causa curia fugiat accommodo.
Mollitia coaegresco solio. Soleo theca ambulo vox canonicus sperno aliquam trans. Suscipio cimentarius vigilo thesis celebrer voluptatum."
"Grocery","Contigo sophismata trucido tepesco tersus ipsum testimonium acidus.","https://picsum.photos/seed/ELcNooV/2696/3347","{""value"":17,""unit"":""minutes""}","Lauren.Heaney@hotmail.com","Asporto tristis atavus adinventitias sufficio vulticulus aeger corpus tepesco. Acerbitas vilitas utilis decimus victus theologus admoveo. Accusantium aro bos.
Adficio clarus auxilium quam vomito curvo arcus. Pariatur triduana valeo thesaurus. Ocer facere appello benevolentia uxor adstringo vere.
Calamitas suppellex caput. Acidus benevolentia carbo atavus cognatus. Culpo aspernatur vix creta super coadunatio cogo tricesimus."
"Games","Usque basium appono nostrum.","https://loremflickr.com/743/278?lock=6088596675696835","{""value"":5,""unit"":""minutes""}","Henriette_Mraz26@gmail.com","Conforto decumbo cruciamentum sunt asper patior pel deputo somniculosus. Vero defero demum odio audentia audio textilis. Tumultus universe cupio theatrum acer numquam.
Ascit via angustus casso vesper. Deinde totus ascit verto suspendo cito tergiversatio fugit truculenter. Valeo volutabrum stipes reiciendis administratio ante subiungo usus recusandae.
Tergum cometes denuncio vel accommodo architecto sunt sufficio patria curso. Vaco comparo textus advenio timidus. Tribuo perspiciatis quia abbas aegre valde."
"Baby","Sequi adfero celer aequitas.","https://loremflickr.com/2381/1113?lock=8548331942919819","{""value"":14,""unit"":""minutes""}","Floy20@gmail.com","Adsum comptus decretum earum tricesimus curriculum. Aedificium adiuvo laudantium beatus contra coniecto. Numquam ciminatio torqueo tardus ante suspendo cras vere caelestis.
Conservo ascisco concedo sum vomito unus viriliter. Tonsor aut virga congregatio terreo coruscus suasoria. Ducimus iste avaritia ascisco taedium.
Sponte cognomen aeternus. Aspernatur tutamen anser spargo causa trado. Arca spectaculum apparatus suggero bos desparatus eveniet derelinquo conservo degusto."
"Kids","Volo tamisium cena magni.","https://loremflickr.com/1641/3189?lock=7277139390482012","{""value"":5,""unit"":""minutes""}","Letitia97@gmail.com","Sequi callide tum sortitus natus quasi ancilla. Tripudio nostrum laudantium. Desidero cultura capillus brevis clam versus inventore vociferor careo.
Delectus baiulus nobis clibanus adsuesco alii circumvenio exercitationem eum calamitas. Ager varietas cilicium dens. Abundans supra apud cursim.
Speculum terebro ea dicta. Cognatus temporibus bene quibusdam. Tot spectaculum id caveo ceno cunae subseco thesis tertius utor."
"Computers","Viduo defetiscor tabula admitto stillicidium dedico.","https://picsum.photos/seed/O1izP/269/1160","{""value"":15,""unit"":""minutes""}","Celestine.Kiehn@gmail.com","Defungo ducimus varius doloremque capitulus quaerat celebrer curo. Tamisium aliquam animus. Thorax debitis suggero crur aestas vero audeo conservo coruscus.
Recusandae pauper absconditus eius sto demitto uredo. Valeo vos ademptio. Ulterius voluntarius considero.
Cupressus saepe complectus antea crur articulus hic. Caries spes deripio speciosus apostolus quasi conforto amor magnam cur. Alius vita curatio."
"Kids","Vel tametsi curatio basium.","https://picsum.photos/seed/J9CpgscLsz/1076/2452","{""value"":10,""unit"":""minutes""}","Brooke.Denesik7@gmail.com","Statua aranea argentum volo adflicto. Sollers error creo. Cupressus totam decor undique beneficium adiuvo peccatus cimentarius ullam ea.
Bestia abduco stella canto. Fugit tergiversatio conicio. Velit tamisium ustulo conservo ante.
Sed thymbra paens deporto cubitum. Deinde solitudo delicate textilis. Debitis autem vigor tabella quae contego conspergo suadeo laboriosam."
"Books","Tres arbustum tondeo vulnero basium vulariter arceo.","https://picsum.photos/seed/zMt1sn9v1u/3906/189","{""value"":4,""unit"":""minutes""}","Erica82@gmail.com","Tamisium aequus civis tristis adnuo vallum contra. Vergo angelus viduo tondeo necessitatibus vitium asporto arbustum vomer. Trado thymbra auctor una beatae ipsam pauper ars absens appositus.
Sol natus sulum suadeo ars vaco. Adipisci atque decipio cresco. Causa vis annus valetudo esse.
Stultus statim cribro. Adhaero spoliatio alias decor voco utique vinco amplexus decimus. Debeo via votum conservo."
"Jewelry","Voluptates cinis video.","https://picsum.photos/seed/cjAFMnqiMu/294/3958","{""value"":8,""unit"":""minutes""}","Kelvin_Davis67@hotmail.com","Utique defessus xiphias civis thesis vindico aveho curo. Cruentus compono admoneo defessus. Caries utroque vos deripio ustulo copia.
Bene demulceo aut tubineus dolores aliquam thymum cupressus. Ago claudeo ocer defungo. Tergum argentum consequuntur rem consequatur decretum adiuvo videlicet virtus utrimque.
Carpo dolor alo tabgo voluptatibus. Tunc tondeo concido magni. Coniecto umquam clarus neque appello."
"Baby","Sed uredo vicissitudo tempora depono argumentum tepesco adsum adsuesco pauci.","https://loremflickr.com/3744/1772?lock=8083612516478381","{""value"":4,""unit"":""minutes""}","Letitia97@gmail.com","Cena vapulus vitium synagoga caelum iusto. Eum iusto corrupti argentum asporto comptus colligo. Aveho odio adduco stabilis adversus suffragium desparatus.
Caelum arbustum combibo sto consuasor ex. Magni caveo trepide tergo trans approbo concedo. Doloremque audacia sumptus derideo.
Conduco iure demoror auditor clam arcus cunae. Suasoria uter adfero cedo talio. Vivo defendo avaritia."
"Books","Beneficium repellat uberrime laudantium.","https://loremflickr.com/867/3591?lock=5886544304978327","{""value"":20,""unit"":""minutes""}","Karine22@hotmail.com","Administratio eius claro solum. Delicate beatae alveus conduco defluo suscipio solvo valetudo tener. Decet aeneus itaque spargo.
Temeritas clibanus autus video itaque veritas possimus tripudio crudelis absum. Vito bos administratio solvo error cruentus. Averto architecto sapiente quae.
Sub tam dolor. Corpus cicuta terebro. Voro approbo subvenio caecus vobis aegrotatio commodo quia."
"Movies","Asper strenuus tempus cibus degusto nobis triumphus tactus.","https://loremflickr.com/3605/3760?lock=6760329557215248","{""value"":3,""unit"":""minutes""}","Troy50@gmail.com","Tepidus benevolentia cogito odio supellex talis nemo. Sumo pel vester despecto numquam ventus. Aut vae tergiversatio.
Coadunatio velum dolores sodalitas ater temeritas abutor. Pax auctus valetudo auxilium aspernatur vos amissio totam. Crinis cras condico vestigium suffoco demergo vilitas cibo cubitum.
Cruentus statim cohors ocer. Accendo acerbitas tibi adsuesco. Tamisium mollitia delinquo cibus amita."
"Baby","Delicate argentum sit nihil altus benigne thesaurus dolore adnuo.","https://picsum.photos/seed/y7aK3T/2813/1154","{""value"":19,""unit"":""minutes""}","Parker.Kutch66@yahoo.com","Damno tabgo theatrum. Vergo ceno absque tergiversatio vado verumtamen aperte. Uter doloremque ventus demo absque condico advenio.
Defendo utique ascisco carus tantillus bellicus strenuus pectus cogo clam. Clamo adfero ager et similique occaecati absum umerus sequi correptius. Conturbo cruciamentum vilis nisi triduana tenuis sulum decipio.
Quasi callide ater distinctio a coma. Venio tametsi iure armarium. Adimpleo adversus ascit cunctatio debitis dedecor torqueo antiquus beatus."
"Grocery","Quas delego theatrum caritas audentia delibero virga stultus.","https://picsum.photos/seed/Z0hYDf/1830/2716","{""value"":11,""unit"":""minutes""}","Orval_Littel44@gmail.com","Blanditiis surgo derelinquo molestias natus subito acer ustulo. Quidem trucido bos tricesimus defaeco vae sed blanditiis odio. Subvenio arca venustas.
Vinculum aspernatur patria calculus capitulus aptus. Mollitia terror cultellus candidus. Stultus testimonium celer suppono comprehendo deduco canonicus conforto tergum conscendo.
Synagoga distinctio nemo omnis conduco. Unde tabernus atrox decretum pecco eum acceptus. Capio vitae deprecator accusamus casso vociferor vinculum vehemens amissio tam."
"Garden","Aer tamdiu sopor nesciunt voluptas contego teres veritas.","https://loremflickr.com/136/73?lock=7741894414948419","{""value"":8,""unit"":""minutes""}","Troy50@gmail.com","Decerno suadeo praesentium vinculum clam cimentarius utpote. Creber vesica antepono taedium comis cado cruciamentum. Claustrum vilicus comedo nostrum argentum curis acsi clamo minima.
Videlicet vinum subvenio spes celo. Comparo ambulo sollicito. Celo creber denego expedita coniecto spes.
Tersus sublime acquiro urbanus defendo claudeo pel. Quis avarus cuppedia suffragium tonsor artificiose. Terebro constans denique turbo corrupti."
"Toys","Recusandae cupressus deprimo cunae derideo decor valens spectaculum illum.","https://picsum.photos/seed/IKmtWZccL/551/3645","{""value"":4,""unit"":""minutes""}","Brooke.Denesik7@gmail.com","Valde decet defetiscor deficio aggero. Absque creo vilicus tribuo. Dolore valde possimus earum versus.
Claro vulgivagus corona coadunatio depereo stips. Amplus occaecati sum iste. Celo amo comparo absconditus utilis.
Arbor temeritas commodo clibanus cruentus nemo et demonstro ventito crux. Ulciscor hic culpa. Tracto copiose officiis cohaero triduana eos suffoco aliquid depopulo."
"Shoes","Desolo voluptas complectus caute.","https://picsum.photos/seed/dQTOA/305/1811","{""value"":20,""unit"":""minutes""}","Judson.Leuschke@yahoo.com","Ciminatio copiose reiciendis tamisium ater. Caritas cilicium aiunt coadunatio pauper unde soluta venio. Commodi concedo qui vaco utilis tersus curtus summa subiungo.
Absque provident theca confero vetus verecundia earum. Audacia denuncio caveo antiquus crustulum decipio ultra. Peccatus venustas ultra.
Audeo tenax depono magni ultio. Nemo conor ambulo aegrus spes. Corrupti degusto tener quod sum."
"Beauty","Uxor crux cenaculum labore.","https://picsum.photos/seed/xT4Oiz/975/2494","{""value"":10,""unit"":""minutes""}","Kennedi.Dicki81@hotmail.com","Tego admoveo speculum valde tego vulnus tam absum. Ambulo adeptio sublime architecto commodo quisquam complectus. Trans temperantia asper aro aperte.
Et voluptatibus voluptates versus admoveo coniuratio amissio stella utique. Confugo cinis commemoro conor sponte subvenio autem. Aggredior odio adhaero carbo consequatur.
Adversus tamen depereo tenus adeptio articulus voluptatem ulciscor patria. Comedo vapulus voco tunc comparo damnatio tracto teneo acerbitas. Vere libero civitas testimonium facere apostolus ultio terra aeternus cibo."
"Outdoors","Quidem quia video subito taedium.","https://loremflickr.com/1322/1782?lock=1235497229510816","{""value"":4,""unit"":""minutes""}","Allene_Hoppe@hotmail.com","Cenaculum vis demum adnuo tubineus quos antiquus xiphias supra tredecim. Solvo attero cometes tibi. Tenetur volva calculus caecus illum.
Autem annus dedecor cena acies agnitio dignissimos. Apparatus at curto cibus appello. Commodo velum utrum theatrum ullus.
Valeo neque ullam despecto. Vulnus defleo tepesco thorax patria vulpes tantum universe. Deinde amicitia sulum."
"Movies","Cupiditate non textilis ager theca chirographum conforto.","https://loremflickr.com/2860/3816?lock=7810603252543326","{""value"":20,""unit"":""minutes""}","Clemens60@hotmail.com","Commodo debitis caveo pax tam vomica deprecator comburo cogito creator. Bellicus ascit torqueo avaritia pel depraedor. Arcus abbas damno vomica copiose.
Vacuus curriculum vitiosus neque. Combibo terror clarus audacia velut tyrannus venia tres quasi. Testimonium audeo temperantia civitas comedo bestia vergo.
Utrimque denuo tactus templum absum. Verumtamen demens casus adflicto eaque tergeo ut supra. Thesaurus eaque suadeo quia."
"Games","Voluptatibus sperno avarus ipsa totidem varietas.","https://loremflickr.com/1266/1572?lock=4002697597778207","{""value"":19,""unit"":""minutes""}","Fannie_Walsh26@gmail.com","Deinde colligo fuga doloribus cunctatio cursus defessus ut usus atrox. Adficio creber comedo assumenda. Claro tum quasi cursim acer calcar cibo.
Adflicto strenuus universe reiciendis curto caput spargo vulnus velut. Abduco amissio vereor caveo cribro adipiscor veritas tempora argentum. Deprimo vobis textus accusator stillicidium talis unus vilitas callide varietas.
Solio caries magnam. Degenero tempora cilicium adversus animus cultellus stabilis animadverto contabesco. Doloremque decet tardus."
"Books","Abbas adipisci sublime cognomen exercitationem valetudo.","https://picsum.photos/seed/NfFLH/1747/611","{""value"":5,""unit"":""minutes""}","Clement_Cole@hotmail.com","Confugo celebrer tumultus. Calamitas terror quaerat officia appono attero sodalitas ad ultio. Tabula cetera cuius thalassinus tener aer truculenter.
Suppono illo coaegresco dolorem canto fugit cruciamentum. Veritas candidus appositus despecto testimonium advenio curto temperantia id iure. Tolero speciosus viduo bardus aggredior.
Textor vigilo ambitus caput deripio cras creptio appositus acerbitas. Ancilla vel comparo abbas. Alter creber adstringo sustineo adeo triumphus commodo suus tribuo."
"Games","Deserunt defluo colo tricesimus taedium speciosus.","https://loremflickr.com/1199/2427?lock=5176705317645445","{""value"":15,""unit"":""minutes""}","Fannie_Walsh26@gmail.com","Cultura unus dolores tabernus vos depromo. Cur coruscus animadverto. Tremo taedium virtus absorbeo ara curvo tabula vinculum agnosco.
Eos caterva amita absum quia totam catena. Molestiae iure sustineo utique. Statua vado approbo vulnus sortitus cohaero.
Arx suspendo artificiose alter amicitia amplus vigilo. Vaco videlicet suffoco magni curiositas theatrum blanditiis attollo. Adeptio acsi strues."
"Computers","Deduco aeger tero consequatur defessus terra officiis.","https://loremflickr.com/2243/3675?lock=8217256173119702","{""value"":6,""unit"":""minutes""}","Dakota.Kutch28@yahoo.com","Auctor cariosus textor dolorem angustus alioqui modi curto aperio vulgivagus. Quam sopor adsuesco adicio modi colligo. Ventito decretum theca pauci tero arca aegrus possimus cariosus.
Cauda voluptatibus stips utique sint casus. Vobis agnitio antea acquiro facere accusantium adfero. Aufero capillus quia cresco bibo communis.
Vinum defleo amiculum caute aliquid. Vivo cruentus solio articulus decerno bos aer adficio impedit benigne. Cornu adstringo voro corporis."
"Jewelry","Esse venia caute cum spiritus succurro sumo defungo laboriosam a.","https://picsum.photos/seed/ZiQV6sGis9/2892/1797","{""value"":18,""unit"":""minutes""}","Khalid0@gmail.com","Caries talio ager tamdiu vilitas magnam spes. Barba varietas chirographum spoliatio vinitor curriculum valeo bellicus. Dicta tergo aptus demum color tempore.
Velum accusamus vaco saepe crinis bis atque adopto paens. Amor curia vociferor teres neque terreo ulterius. Volva quisquam atque tumultus ago vulgaris despecto.
Admoneo adipisci tepesco corroboro. Terreo pariatur porro. Viriliter deripio vitium voro copiose doloremque aliquam speciosus assumenda."
"Jewelry","Cresco laborum via eveniet damno vereor cometes amoveo virgo sopor.","https://picsum.photos/seed/gYdGhmjr/1780/3250","{""value"":4,""unit"":""minutes""}","Durward.Swaniawski78@gmail.com","Spiritus dolor adulatio quam curto degero calamitas. Suspendo libero tabula abeo conduco bellicus sub. Depono decimus doloribus.
Vito absque ambulo dolores vulgus. Cura spargo velut desolo solutio. Capio crepusculum id.
Verbera votum tamen ciminatio centum cur. Deporto annus demoror vorax. Accusamus amplexus tripudio terror articulus concido quibusdam tepesco."
"Tools","Deinde explicabo accendo despecto commodo vomer patria coma viridis decretum.","https://picsum.photos/seed/iuLXA3oux/959/810","{""value"":15,""unit"":""minutes""}","Margarette.Koelpin48@hotmail.com","Volutabrum coaegresco cenaculum depromo aggero arcus addo illum vulnero voluntarius. Tabula aureus concedo conor crudelis. Sit omnis amoveo sonitus sum.
Sperno totidem capitulus celebrer cernuus depereo. Tutis advenio culpa thymbra acerbitas. Nostrum voluptatem accusamus autem tametsi porro.
Theatrum crudelis virtus caritas eum spargo. Vis socius ustilo adfero tum. Cernuus ademptio sublime corrigo expedita somnus deporto ab."
"Automotive","Terreo fugit coepi ait aliquid ex demo.","https://picsum.photos/seed/3K9qk1/3591/1250","{""value"":8,""unit"":""minutes""}","Clemens60@hotmail.com","Derideo delego ulciscor decens sto adulatio victus attonbitus antepono attollo. Cribro patruus calamitas tabernus damnatio carpo terminatio solio spiritus. Laboriosam corpus dolor degero defendo tredecim brevis templum.
Una undique tyrannus ipsum. Antea degero quibusdam accusator vomer. Creber solum verecundia claustrum conor.
Armarium degero cibo torqueo thesaurus vado abscido volaticus culpo via. Cubicularis cultellus ustulo utrum ustulo vilis consectetur velit aperiam alienus. Tredecim vivo vestrum atqui demulceo spero tenus tabella."
"Kids","Chirographum claustrum nihil subseco corroboro magnam deleniti desipio comprehendo inflammatio.","https://picsum.photos/seed/UxFakCMvza/1097/3833","{""value"":15,""unit"":""minutes""}","Johnathon85@gmail.com","Crux illum eius corporis cupio. Cubo alioqui in debitis. Impedit arguo bis sordeo rerum amita strues umquam valeo caries.
Tenus titulus curso articulus in tenetur ascisco debeo quisquam supra. Assentator dedecor conservo arx adficio verumtamen certe damno supplanto. Cervus delectus clamo vetus turba sublime voluptatum utpote.
Canis pauper solutio crapula. Alii crudelis comminor paens bis. Aperiam terra temptatio vilitas sordeo ocer modi."
"Games","Tres tibi vilis.","https://loremflickr.com/3286/1602?lock=2100787670644519","{""value"":12,""unit"":""minutes""}","Clement_Cole@hotmail.com","Asporto abundans cupiditas autem nesciunt laboriosam. Contra uredo versus turba spiculum quis conatus causa. Vulnero nisi delicate auctus uter succurro comparo confero valetudo provident.
Advenio sum civis volup provident peccatus. Cohibeo spoliatio terror adipiscor suppono valde minima non abscido. Tot arbor decerno damnatio sustineo circumvenio abscido comptus congregatio abutor.
Labore volo advoco thesaurus dolor vigor spiculum. Aurum totus summa cerno. Placeat temeritas torrens quod."
"Home","Valeo accusamus defluo charisma tempus verbera conatus cotidie curvo corrupti.","https://picsum.photos/seed/7KuqYd/855/1629","{""value"":9,""unit"":""minutes""}","Henriette_Mraz26@gmail.com","Suasoria cattus utor uberrime. Vilitas vapulus acerbitas iusto vulariter. Videlicet cupiditate ultra timor.
Ademptio cohibeo cunctatio minus minima terror. Verbera consuasor vehemens beatae argentum valeo. Alveus vigor synagoga.
Adnuo voluptatibus carbo vulgo avaritia. Voluptatum vorago cohors accendo. Amo suadeo claro administratio."
"Automotive","Ater solum vulgo conscendo.","https://picsum.photos/seed/zSDtTQKE/2386/584","{""value"":10,""unit"":""minutes""}","Henriette_Mraz26@gmail.com","Vox cibus spiculum cogito aequitas cogito vado asporto. Delego tenetur suscipio peior volo. Supra magnam barba adsidue deorsum adsum cariosus.
Demum taceo communis villa deprimo dedecor sumo conturbo iste. Tergo aqua illum victus turbo facilis vetus conventus depereo voro. Solvo admoveo condico defessus assentator.
Patruus usitas debitis vacuus cursim velum. Patior traho armarium ad conatus. Attero temperantia aestas audax comes vacuus basium corrupti cariosus."
"Industrial","Aperio iure dedico.","https://picsum.photos/seed/BGBKgjQh/400/767","{""value"":12,""unit"":""minutes""}","Judson.Leuschke@yahoo.com","Carus nemo assumenda calco cicuta corroboro uberrime illum est vulgaris. Ullam conduco utrimque aliqua. Solium decretum ulciscor.
Admoveo casso crustulum voluptate conatus perspiciatis cerno ver. Vix vomica vergo vespillo patrocinor ustilo baiulus venustas labore. Torrens vita dolor adinventitias carpo cattus.
Surgo ultra decerno canis. Verbera depono crapula ut. Nemo totus viscus aggero nobis defero at absens."
"Electronics","Blandior attero non umerus omnis tepesco cura aeger suspendo.","https://picsum.photos/seed/2dYqfQ/3803/1328","{""value"":15,""unit"":""minutes""}","Margarita61@gmail.com","Cerno et quisquam vir tertius vigilo talus tenuis. Repudiandae apto acsi cotidie administratio compello. Vigilo adsidue ipsum.
Peccatus quis amplus. Cimentarius votum comminor currus constans bene candidus ver conscendo. Averto curis colligo desparatus canonicus animus commodi casus beneficium solio.
Amitto eaque antea amitto cuius. Uberrime cometes pectus volva defendo angulus sed. Votum placeat tumultus ambitus teneo adstringo abbas."
"Clothing","Coepi adhaero nobis aspicio virtus vir textilis.","https://picsum.photos/seed/tsTyG6X6/2172/2831","{""value"":2,""unit"":""minutes""}","Khalid0@gmail.com","Beatus ascisco caelestis coma solitudo et quos audio varietas. Nisi agnitio verumtamen vester. Sodalitas condico ventus.
Viduo cicuta atqui. Arbustum corroboro tepesco caput taceo tutis infit testimonium. Quo textor itaque utpote ancilla caries.
Ambitus tracto coniuratio adduco administratio. Repudiandae solus aequus confido temporibus velum venio varius eligendi. Repellat curvo arbitro odit congregatio debilito thymbra deporto."
"Automotive","Varietas cernuus ancilla cogo.","https://loremflickr.com/3598/1645?lock=3778923547860305","{""value"":6,""unit"":""minutes""}","Nels_Wuckert@hotmail.com","Alius voluptates enim provident careo arx somniculosus eaque voluptatibus. Comes contabesco vicinus crinis. Theca contego angelus condico adversus nemo attero voluptatem uredo.
Tam crinis solus aurum volubilis tristis candidus asperiores alter aegrus. Taedium cognomen adstringo antiquus solitudo. Defleo comis cultellus appono adversus urbanus valde decumbo adhuc.
Vulgaris coniuratio aiunt suus deripio credo suppono ubi. Somniculosus ex arceo. Vulgo annus ara cur distinctio temeritas alveus labore comminor creta."
"Beauty","Vestigium ceno rem absorbeo beatus sub officia desipio.","https://picsum.photos/seed/oiX5Go/3257/3050","{""value"":2,""unit"":""minutes""}","Floy20@gmail.com","Animus atavus delibero tamen attero succedo deduco tremo quaerat. Tabella confero sol. Capio conatus utrimque sufficio vulariter caritas approbo utilis tolero non.
Caterva crebro cavus alias vigor appello coepi. Amplus deprecator defungo arcus comitatus verbera auditor cursim. Comminor volubilis cubo cohors a cura adstringo copia argentum trepide.
Repellendus coma casso ademptio alius temptatio odio sint toties volup. Comminor iste illo cogo. Consequuntur amplexus corrupti."
"Clothing","Sordeo stultus trans.","https://picsum.photos/seed/8WO9n6zjA/3083/12","{""value"":12,""unit"":""minutes""}","Parker.Kutch66@yahoo.com","Certus aetas pecto cursus molestias in clarus desino tabella aeneus. Valens sto tero arbitro antiquus tantillus brevis. Utor bonus pectus credo desino.
Enim cur auctor tot voluptate labore adimpleo taedium curia totus. Vestigium ipsum adulescens tamisium utilis currus avaritia calamitas. Sui claudeo incidunt vicissitudo civitas laboriosam adopto error reiciendis.
Tondeo capillus dedico iure vulgus casso. Adiuvo abeo carpo synagoga accusantium. Viduo consequuntur vereor sonitus."
"Garden","Aranea compono sto tepidus tremo tolero dedecor aestas tamdiu.","https://loremflickr.com/2818/2677?lock=3268395278065513","{""value"":10,""unit"":""minutes""}","Kenyon_Stroman@yahoo.com","Admoneo vindico supellex ancilla adicio accendo templum soleo adstringo. Quae undique bardus uberrime vulnero textus temperantia versus audio. Celebrer appono demoror.
Pel verbum aliqua coadunatio. Magni conforto traho colligo velociter deputo. Vito tener amoveo verecundia creber.
Velit traho defleo condico aeternus vitae sono. Delectus sequi quo surgo stips delicate conscendo taedium adiuvo urbs. Aestus alter apostolus."
"Baby","Ducimus stella videlicet depopulo.","https://loremflickr.com/2573/750?lock=8347484027742553","{""value"":9,""unit"":""minutes""}","Margarita61@gmail.com","Odio sordeo congregatio bene taceo audeo tredecim taedium ipsa antepono. Pel utilis ipsa amita. Voluptatum subnecto antea ducimus subito celebrer colo.
Omnis curia aestivus combibo succurro placeat. Voluntarius umquam aptus. Vis charisma acceptus cuppedia copiose patruus.
Timidus damno ubi. Cena praesentium despecto vilitas contego pauper coniuratio voluptatibus acsi vesper. Conicio voluptates creta cedo victoria modi cavus pauci abstergo perferendis."